{
    "elements": 11,
    "Health": [
        0, 
        1, 
        2, 
        3, 
        4, 
        5, 
        6, 
        7,
        8,
        9, 
        10],
    "healthUpgradeCosts": [
        0,
        10,
        20,
        30,
        40,
        50,
        60,
        70,
        80,
        90,
        100
    ],
    "damageUpgradeValues": [
        0,
        1,
        2,
        3,
        4,
        5,
        6,
        7,
        8,
        9,
        10
    ],
    "damageUpgradeCosts": [
        0,
        0,
        0,
        0,
        0,
        0,
        0,
        0,
        0,
        0,
        0
    ],
    "ammoRespawnUpgradeValues": [
        3.0,
        2.9,
        2.8,
        2.6999999999999997,
        2.5999999999999996,
        2.4999999999999996,
        2.3999999999999995,
        2.2999999999999994,
        2.1999999999999993,
        2.099999999999999,
        1.9999999999999991
    ],
    "ammoRespawnUpgradeCosts": [
        0,
        0,
        0,
        0,
        0,
        0,
        0,
        0,
        0,
        0,
        0
    ],
    "speedUpgradeValues": [
        2.0,
        2.1,
        2.2,
        2.3000000000000003,
        2.4000000000000004,
        2.5000000000000004,
        2.6000000000000005,
        2.7000000000000006,
        2.8000000000000007,
        2.900000000000001,
        3.000000000000001
    ],
    "speedUpgradeCosts": [
        0,
        0,
        0,
        0,
        0,
        0,
        0,
        0,
        0,
        0,
        0
    ]
}